No,Label,Agtron value,410 nm,435 nm,460 nm,485 nm,510 nm,535 nm,560 nm,585 nm,610 nm,645 nm,680 nm,705 nm,730 nm,760 nm,810 nm,860 nm,900 nm,940 nm
1,AF,121.2,1150.81,127.71,31.49,33.27,13.75,8.72,93.74,105.49,606.32,62.07,210.45,44.01,6.27,9.46,72.4,216.83,66.88,25.65
2,AF,122.6,1090.82,118.25,27.33,31.81,13.02,8.27,90.02,104.91,584.95,63.45,195.44,43.54,6.27,9.46,72.11,210.72,65.45,25.37
3,AF,122.4,1163.25,128.03,32.08,31.52,13.75,8.95,92.39,98.98,610,56.8,203.12,44.13,6.27,9.46,73.26,215.4,66.34,24.8
4,AF,121,1122.33,125.82,32.08,31.52,13.02,8.72,87.79,103.89,538.17,62.44,198.93,40.58,6.27,9.46,69.52,205.69,65.81,24.8
5,AF,113.4,1142.51,128.97,30.3,33.27,13.75,8.72,101.32,119.81,577.95,69.97,194.74,44.01,6.27,9.46,68.95,204.97,68.48,25.65
6,AF,119.1,1124.82,122.98,27.63,31.52,13.02,8.72,88.83,107.22,571.32,62.44,205.21,42.24,6.27,9.46,69.81,206.05,64.74,24.8
7,AF,124.6,1114.87,124.87,29.41,31.23,13.02,8.72,83.02,92.9,569.11,53.04,203.12,42.95,6.27,9.46,72.4,217.91,59.92,23.94
8,AF,124.3,1121.23,123.3,30.6,32.11,13.99,8.95,94.48,106.21,589.37,59.31,198.93,43.18,6.27,9.46,72.97,213.6,65.45,24.8
9,AF,124.5,1073.96,119.51,28.52,31.52,13.02,8.72,99.99,119.38,584.95,67.71,203.12,42.95,6.27,9.46,72.4,216.83,66.34,25.65
10,AF,99.3,1144.17,122.04,20.5,21.01,9.41,7.38,50.74,60.34,469.66,39.5,191.6,37.98,6.27,8.67,66.37,197.42,59.92,23.09
11,AF,98.9,1115.7,122.04,21.39,23.64,10.13,7.38,47.76,62.94,484.02,44.01,180.78,38.69,6.27,8.93,64.64,189.87,60.99,23.94
12,AF,98.8,1119.57,120.46,21.09,22.76,10.13,7.38,56.54,65.84,467.08,44.76,180.08,38.92,6.27,8.67,63.78,194.18,61.53,23.94
13,AF,99.9,1134.78,119.2,19.61,21.89,9.65,7.38,55.65,67.28,473.71,47.52,186.36,39.4,6.27,8.67,63.78,190.94,60.99,23.94
14,AF,98.1,1128.69,118.88,19.61,22.76,10.13,7.38,54.75,66.56,465.61,46.27,184.27,38.45,6.27,8.67,63.78,192.74,59.39,23.94
15,AF,100,1116.8,119.2,19.61,21.89,10.13,7.38,55.8,69.02,476.29,45.14,173.8,39.4,6.27,8.67,63.49,186.27,59.39,23.94
16,AF,98.1,1079.48,120.14,20.8,23.64,10.13,7.38,58.47,81.18,483.65,54.54,187.06,40.46,6.27,8.67,64.64,190.94,59.92,23.94
17,AF,98.1,1163.52,122.98,20.5,22.76,10.13,7.38,51.33,63.38,458.98,44.39,172.75,38.33,6.27,8.67,64.64,185.55,61.53,24.8
18,AF,97.3,1166.56,124.87,21.98,22.76,10.13,7.38,50.44,61.64,468.55,39.87,183.22,37.62,6.53,9.2,64.64,193.82,59.39,23.94
19,AF,63.4,1106.57,119.83,16.93,19.26,8.44,6.71,35.71,40.8,383.46,24.83,154.95,33.01,5.49,7.89,56.02,165.77,51.01,20.52
20,AF,65.7,1113.76,116.68,16.93,20.14,8.68,6.71,41.07,51.22,387.88,30.6,148.67,34.31,5.49,7.89,53.44,152.47,54.57,21.38
21,AF,64,1134.5,120.14,19.61,19.26,8.68,6.71,35.71,40.37,372.41,25.2,158.1,31.94,5.75,8.41,53.44,155.34,48.69,19.67
22,AF,62.1,1092.48,117.31,16.93,18.39,7.96,6.71,35.71,41.67,376.83,25.58,152.16,32.3,5.49,7.89,56.02,161.82,51.9,20.52
23,AF,62.6,1105.19,119.2,16.04,19.26,7.96,6.04,33.48,38.63,390.83,22.95,152.86,32.3,5.49,7.89,55.16,161.82,50.29,19.67
24,AF,62.4,1101.88,118.57,16.04,18.39,7.96,6.71,36.6,37.77,391.2,22.32,143.09,33.01,5.49,7.89,54.3,151.75,50.83,19.67
25,AF,64.4,1131.18,117.31,16.93,18.68,8.68,6.71,37.05,45.15,423.24,26.33,151.81,35.49,5.49,7.89,55.16,155.34,54.04,20.52
26,AF,67.2,1092.75,115.41,16.04,19.26,8.68,6.71,33.48,41.67,390.09,28.97,152.86,32.65,5.49,7.89,55.16,160.02,51.36,21.38
27,AF,64,1150.53,118.57,16.93,18.39,8.68,6.71,35.26,42.54,386.78,26.33,146.58,31.94,5.49,7.89,53.44,152.11,50.29,19.67
28,AF,63.9,1102.7,116.36,16.04,18.39,8.44,6.71,36.6,42.11,381.25,25.96,144.83,33.01,5.49,7.89,52.29,147.79,50.83,20.52
29,AF,64.6,1171.82,121.09,17.82,19.26,8.68,6.71,37.94,46.01,392.67,29.34,152.86,33.72,5.49,7.89,55.16,163.97,51.9,21.38
30,AF,65.1,1134.5,120.14,16.93,19.26,8.68,6.71,33.48,39.94,385.67,26.71,156,31.59,5.49,7.89,54.3,160.74,50.83,20.52
31,AF,51.6,1070.09,115.73,15.45,17.51,7.96,6.04,29.46,36.03,488.44,21.07,142.39,30.4,5.49,7.89,50.85,144.56,48.15,18.81
32,AF,53.3,1016.46,107.21,15.15,16.64,7.96,6.04,29.01,32.99,483.28,20.31,144.13,30.17,5.49,7.89,52.29,149.59,47.62,18.81
33,AF,52.1,1105.75,113.52,15.15,17.51,7.96,5.59,31.25,35.16,477.39,20.69,141.34,30.52,5.49,7.89,52.58,149.95,49.22,18.81
34,AF,53.6,1026.68,112.26,14.85,16.64,7.48,5.37,31.69,39.07,478.13,21.32,138.2,30.52,5.49,7.36,48.27,140.24,47.08,18.81
35,AF,53,1093.03,117.94,16.34,18.39,8.2,6.26,29.01,35.6,495.81,22.19,141.34,30.29,5.49,7.36,47.4,143.48,49.58,19.67
36,AF,53.4,1117.36,115.1,15.15,17.51,7.96,6.04,27.82,34.29,482.55,21.07,139.25,30.29,5.49,7.1,45.39,133.77,49.76,18.81
37,AF,51.7,1064.83,113.84,16.04,18.39,7.96,6.04,29.01,34.73,486.23,21.82,141.34,30.88,5.49,7.89,46.54,144.56,49.22,19.67
38,AF,51.3,1143.89,115.41,15.15,17.51,7.96,6.04,27.08,33.57,467.45,19.94,140.65,29.69,5.49,7.89,51.71,147.43,47.62,18.81
39,AF,50.8,1077.55,111.63,15.15,17.51,7.96,6.04,29.01,36.03,480.34,19.81,138.55,30.17,5.49,7.89,49.42,133.77,44.05,18.53
40,AF,52.8,1074.51,112.26,15.15,16.64,7.96,6.04,29.46,36.46,437.61,19.18,127.73,30.52,5.49,7.89,49.13,142.76,46.55,18.81
41,AF,52.9,1142.24,116.99,16.04,17.51,7.96,6.04,32.58,39.07,482.55,21.44,144.48,30.52,5.49,7.89,51.71,149.95,48.15,18.81
42,AF,51,1052.4,108.79,15.15,16.93,7.48,5.59,30.8,38.2,472.6,20.82,129.83,29.81,5.49,7.89,53.73,140.6,47.08,18.81
43,AF,44.2,1054.33,109.11,16.04,17.51,7.72,6.04,28.42,36.46,414.4,19.56,120.4,28.16,5.49,7.1,45.11,126.22,45.48,17.96
44,AF,44.5,1098,112.89,15.15,16.64,7.24,6.04,26.63,31.69,431.34,17.3,124.59,27.56,5.49,7.1,47.4,133.77,46.9,17.96
45,AF,45.7,1099.66,114.15,16.04,17.51,7.72,6.04,29.01,36.32,439.82,18.43,122.5,27.92,5.49,7.1,48.27,132.33,46.9,17.96
46,AF,44.5,1085.29,111.95,16.04,16.64,7.24,6.04,26.78,33.43,439.08,18.06,125.64,27.21,5.49,7.63,50.56,141.32,44.41,17.96
47,AF,45,1063.45,112.58,15.74,17.51,7.24,6.04,25,30.82,427.66,16.93,128.78,27.45,5.49,7.89,46.54,133.77,43.87,17.96
48,AF,46.4,1070.36,111.31,16.34,16.64,7.96,6.04,25,31.25,426.93,15.8,125.64,26.85,5.49,7.1,45.11,128.37,44.41,17.1
49,AF,45.3,1046.04,108.79,15.15,16.64,7.24,5.37,29.46,35.02,442.77,18.43,124.59,28.75,5.49,7.89,49.13,131.61,44.94,17.96
50,AF,44.6,1104.09,113.84,15.15,16.64,7.72,6.04,25.29,30.96,426.56,16.93,125.29,27.92,5.49,7.1,45.68,134.49,45.3,17.96
51,AF,44.1,1043.82,108.16,14.26,16.64,7.24,5.59,35.71,43.55,475.18,21.07,127.73,27.45,5.49,7.36,47.98,130.17,43.7,17.1
52,AF,46.1,1090.27,111.95,15.15,17.51,7.24,6.04,31.25,39.79,422.14,19.94,120.06,25.43,5.49,7.89,48.84,130.17,42.8,17.1
53,AF,44.4,1035.25,108.79,14.85,16.64,7.24,6.04,33.63,46.59,454.56,23.57,130.87,26.5,5.49,7.63,47.98,135.57,44.05,17.1
54,AF,44.3,1052.4,108.48,14.26,16.64,7.24,6.04,30.35,40.08,416.25,19.94,121.1,26.85,5.49,7.1,45.68,126.94,42.27,17.1
55,AF,24.8,899.53,91.77,13.37,14.01,6.51,4.7,24.1,25.18,413.3,12.79,115.17,25.2,4.71,7.1,39.94,104.64,36.92,15.39
56,AF,24.8,979.41,99.65,14.85,15.17,6.51,5.15,25.44,29.95,441.66,14.29,120.05,25.55,5.49,7.1,43.39,115.43,38.52,15.39
57,AF,25.4,910.03,91.76,13.37,14.01,6.51,4.7,23.66,26.91,411.09,12.66,119.01,26.62,5.23,7.1,42.23,114.35,37.45,14.54
58,AF,24.5,928.28,98.39,14.26,15.76,6.51,4.7,25,28.65,429.14,13.17,117.26,26.26,4.71,7.1,41.37,111.11,37.45,15.39
59,AF,24.9,952.05,100.28,13.37,14.88,6.51,4.7,25.89,28.65,440.56,13.54,119.36,26.26,4.71,7.1,41.08,106.8,39.06,14.54
60,AF,24.9,861.1,96.81,13.67,13.13,6.51,4.7,27.23,28.65,429.87,12.79,116.22,25.91,4.71,7.1,39.65,107.16,37.45,14.54
61,AF,25.8,950.67,98.39,14.26,14.88,6.51,4.7,23.21,26.91,421.4,13.92,122.5,26.26,5.49,7.1,43.1,117.23,37.63,15.39
62,AF,23.8,945.41,99.65,13.37,15.76,6.51,4.7,25.44,29.52,420.66,13.54,117.61,26.26,5.23,7.1,42.23,110.04,38.52,15.39
63,AF,24.5,930.21,94.6,13.37,14.01,6.51,4.7,24.1,28.36,450.14,12.41,117.61,26.97,4.71,7.1,42.23,111.11,36.92,14.54
64,AF,24.5,916.94,98.07,13.37,14.01,6.51,4.7,25.59,28.36,428.4,13.17,118.31,26.97,4.71,7.1,41.66,112.55,38.52,15.39
65,AF,25.4,914.18,91.76,13.37,14.01,6.51,4.7,27.23,28.22,402.62,13.54,114.12,25.91,4.71,7.1,41.37,111.11,36.38,14.54
66,AF,24.7,891.51,93.66,14.26,14.88,7,4.7,21.87,24.89,409.25,12.66,109.93,25.32,5.23,7.1,41.37,110.4,36.92,15.68
67,AF,19.4,982.18,100.59,16.04,15.76,7.24,5.37,24.1,28.65,419.19,12.79,114.82,24.61,4.71,7.1,39.08,99.61,37.81,14.54
68,AF,19.6,963.94,99.33,14.26,15.76,6.51,4.7,23.95,28.65,441.66,13.17,116.22,26.26,4.71,7.1,43.1,112.19,36.92,14.54
69,AF,19.1,951.77,102.17,15.15,14.88,6.51,5.37,23.66,28.22,429.87,12.41,113.77,24.73,4.71,7.1,40.8,108.96,32.1,13.68
70,AF,19.3,925.79,95.86,14.26,14.88,6.51,4.7,23.66,31.11,437.24,13.54,119.71,25.91,4.71,7.1,41.37,109.32,35.13,13.68
71,AF,19.6,963.38,102.17,16.04,14.88,7.24,5.37,25.89,31.25,464.5,13.17,119.36,25.2,4.71,7.1,40.51,105.72,35.85,13.68
72,AF,19.4,1002.64,106.9,15.15,15.76,7.24,5.37,25.89,31.69,422.14,13.92,115.17,26.14,4.71,7.1,42.23,112.19,35.85,14.54
73,AF,19.4,1009.27,105.01,14.26,15.76,7.24,5.37,24.85,30.39,440.92,12.79,121.1,25.91,4.71,7.1,42.52,110.04,34.42,14.54
74,AF,18.9,1045.76,104.38,14.26,16.64,7.24,5.37,25,31.11,442.4,14.29,116.22,25.91,4.71,7.1,40.8,105.36,34.24,13.68
75,AF,19.9,964.21,98.7,14.26,14.88,6.51,4.92,24.55,28.65,418.45,12.79,112.03,24.49,4.71,7.1,40.51,105.72,35.31,14.54
76,AF,19.5,962.83,100.28,15.15,16.64,7.24,5.37,21.87,28.65,423.61,13.54,117.26,25.2,5.23,7.1,43.96,112.55,34.24,14.54
77,AF,19.7,1023.09,105.01,15.15,15.76,7.24,5.37,26.34,30.39,426.56,13.54,116.22,25.55,4.71,7.1,41.37,106.8,33.71,13.68
78,AF,18.4,1000.43,101.22,14.26,15.76,7.24,5.37,24.25,29.52,414.77,12.79,118.31,25.55,4.71,7.1,41.37,108.96,35.31,14.54
79,AF,10.4,1037.19,105.32,15.45,16.64,7,5.37,26.63,29.95,380.15,12.04,105.75,23.43,4.71,6.31,35.34,89.54,30.5,12.83
80,AF,10.5,1029.45,108.16,15.15,16.64,7.24,5.37,24.55,29.08,400.04,11.66,105.75,24.49,4.71,6.31,37.06,94.21,29.43,12.54
81,AF,10.4,1021.43,105.95,15.15,16.64,7.24,5.37,23.66,27.35,383.46,11.66,106.79,22.72,4.71,6.31,36.2,92.78,29.96,12.54
82,AF,9.6,897.31,97.12,14.26,14.88,6.51,4.7,29.91,32.12,356.94,13.17,100.51,23.43,4.71,6.31,37.92,92.78,30.5,12.83
83,AF,10.3,1081.97,112.89,15.45,15.76,6.75,5.37,26.34,29.08,398.56,11.66,108.89,25.2,4.71,6.31,37.06,92.78,28.89,11.97
84,AF,10.2,1006.78,102.8,14.85,14.88,6.51,5.37,26.34,28.22,371.31,11.66,105.75,23.78,4.71,6.31,37.06,94.93,30.5,12.83
85,AF,10.4,1049.91,111,15.45,16.05,7.24,5.37,25.44,28.65,392.67,11.66,110.98,25.2,4.71,6.31,38.79,98.17,30.5,12.54
86,AF,10.2,1067.6,112.58,15.15,16.64,7.24,5.37,28.12,30.82,394.88,12.79,108.19,25.79,4.71,6.31,37.06,95.65,29.96,11.97
87,AF,9.7,1057.65,112.58,15.15,15.76,7.24,5.37,25,28.22,408.88,10.91,112.03,25.2,4.71,6.31,37.92,96.01,29.96,11.97
88,AF,10.3,1051.84,109.74,15.15,16.64,7.24,5.37,27.23,30.82,401.88,13.54,113.77,25.55,4.71,6.57,38.79,98.17,31.57,12.83
89,AF,10,1058.75,110.68,15.15,16.05,6.75,5.37,25.89,28.65,401.14,12.04,112.03,24.85,4.71,6.31,38.5,96.01,30.5,12.83
90,AF,10,1054.88,110.69,15.15,15.76,7,5.37,27.23,30.24,400.04,12.04,112.03,25.2,4.71,6.31,37.06,94.57,29.43,11.97
91,AF,6.3,1065.66,110.68,16.04,16.64,7.24,5.37,22.32,26.48,401.14,11.29,102.61,24.49,4.71,6.31,36.2,85.22,29.96,11.97
92,AF,6,1105.47,111.94,15.45,16.05,7.24,5.37,22.76,25.18,386.78,10.53,106.79,24.14,4.71,6.31,34.19,85.94,29.96,11.97
93,AF,6.4,1094.97,112.58,14.26,16.64,7.24,5.37,22.76,26.05,410.35,11.66,113.08,24.73,4.71,6.31,36.2,90.98,29.78,11.97
94,AF,7.2,1097.73,110.68,14.26,15.76,7.24,5.37,21.87,24.31,390.46,10.16,108.89,24.73,4.71,6.31,35.34,86.3,28.89,11.97
95,AF,6.3,1115.42,114.47,14.26,16.64,7.24,5.37,24.55,28.22,402.98,12.04,110.98,24.85,4.71,6.31,34.48,85.22,29.96,11.97
96,AF,6.7,1084.19,111,15.15,16.64,7.24,5.37,22.76,26.48,393.41,11.29,110.98,24.49,4.71,6.31,36.2,91.34,29.96,11.97
97,AF,6.3,1109.07,114.78,15.15,16.64,7.24,5.37,24.1,27.06,384.2,11.29,105.75,23.9,4.71,6.31,35.05,88.46,30.32,11.97
98,AF,6.4,1104.64,114.47,15.45,16.64,7.24,5.37,23.66,27.78,417.72,11.29,113.08,24.85,4.71,6.31,36.2,89.54,29.43,11.97
99,AF,6.8,1113.21,111.95,15.15,16.64,7.24,5.37,21.87,24.31,400.41,10.91,110.28,24.14,4.71,6.31,35.91,89.54,29.43,11.97
100,AF,6,1078.11,111,15.15,16.35,7.24,5.37,20.98,25.61,388.99,11.29,107.14,23.78,4.71,6.31,33.61,85.22,30.5,11.97
101,AF,6,1075.62,111.63,14.26,15.76,7.24,5.37,21.87,25.18,386.41,10.91,109.93,23.43,4.71,6.31,34.48,88.1,29.96,11.97
102,AF,6.3,1088.05,113.52,15.15,16.64,7.24,5.37,22.32,28.22,390.09,12.04,108.89,24.85,4.71,6.31,35.34,89.54,30.5,11.97
103,RD,128,1153.57,123.3,24.06,28.89,11.58,8.05,83.47,104.47,566.17,62.07,208.35,43.3,6.27,9.46,74.99,220.07,69.02,27.08
104,RD,122.4,1128.14,122.35,26.14,25.39,11.58,8.05,91.06,103.75,526.02,58.68,182.53,42.36,6.27,9.46,68.09,207.13,66.88,24.8
105,RD,119.9,1116.25,120.14,23.17,27.14,11.58,7.38,76.92,86.09,549.22,54.42,196.48,40.7,6.27,9.46,71.54,214.68,64.74,25.65
106,RD,120.6,1130.35,122.04,23.76,27.14,11.58,8.05,67.4,88.27,536.33,56.68,193.69,40.82,6.27,9.46,68.66,206.41,66.16,25.65
107,RD,112.8,1128.14,121.09,25.84,27.14,11.58,8.05,82.58,104.18,545.17,64.7,195.79,41.88,6.27,9.46,71.54,204.97,66.34,25.65
108,RD,116,1141.68,124.87,28.52,28.02,12.3,8.5,76.03,93.76,547.38,56.43,191.6,42.24,6.27,9.46,70.68,204.25,67.41,25.65
109,RD,112.4,1131.18,121.41,24.06,28.02,12.3,8.05,80.35,98.68,581.27,62.44,198.93,43.66,6.27,9.46,71.54,212.52,67.23,26.51
110,RD,124.2,1130.63,122.98,24.06,27.43,12.3,8.05,83.47,99.99,539.28,58.31,197.18,41.65,6.27,9.46,70.39,206.77,67.41,25.65
111,RD,123.4,1126.48,121.72,25.84,28.6,12.3,8.5,70.97,89.86,522.34,58.31,190.55,40.82,6.27,9.46,72.69,216.12,65.81,24.8
112,RD,122.5,1106.02,121.41,26.43,27.43,11.82,8.05,79.01,94.63,543.7,61.32,192.65,42.95,6.27,9.46,71.54,214.32,66.34,25.65
113,RD,126.7,1156.89,122.67,23.17,25.39,11.58,8.05,66.51,87.83,541.49,63.45,205.56,44.84,6.8,9.46,72.11,220.07,69.73,27.36
114,RD,128.6,1092.48,117.94,21.69,23.64,10.85,8.05,69.63,95.07,546.28,63.2,197.53,44.01,6.27,9.46,71.25,210.36,68.66,25.65
115,RD,125.8,1112.66,119.51,21.39,23.93,10.85,8.05,67.4,85.66,533.02,59.69,198.58,44.61,6.27,9.46,72.4,214.32,66.52,26.22
116,RD,128.2,1115.7,123.3,24.06,24.52,11.58,8.5,71.42,85.66,504.65,54.17,188.46,41.41,6.27,9.46,70.1,210,63.49,25.65
117,RD,124.9,1092.2,119.2,22.58,22.76,10.13,8.05,59.66,77.7,519.39,53.29,202.42,42.24,6.27,9.46,70.68,210.36,62.6,25.08
118,RD,125.5,1102.71,121.4,23.76,23.64,10.85,8.05,66.36,83.2,519.02,56.68,193.69,43.54,6.27,9.46,71.25,214.68,65.99,25.65
119,RD,124.3,1161.59,122.67,22.28,23.64,10.85,8.05,58.03,79.01,478.5,59.06,205.21,39.75,6.27,9.46,68.95,215.76,64.38,26.51
120,RD,126.1,1114.87,119.51,21.69,24.81,11.09,8.05,74.54,94.2,557.69,65.08,188.46,45.43,6.27,9.46,69.81,207.13,66.88,26.51
121,RD,124.5,1111,121.09,22.87,24.52,10.85,8.05,54.01,77.7,492.12,58.06,197.88,41.05,6.27,9.46,68.09,206.05,62.95,25.65
122,RD,122.6,1093.86,118.25,20.5,22.76,10.13,7.38,65.17,75.97,531.17,49.28,198.58,43.54,6.27,9.46,71.54,213.6,66.88,25.65
123,RD,122.2,1117.36,119.2,21.09,23.64,10.37,8.05,67.55,79.01,515.7,59.44,204.16,42.59,6.27,9.46,70.68,209.64,63.85,26.51
124,RD,92.4,1122.06,115.1,16.93,19.26,8.68,6.71,48.65,55.13,477.39,35.74,171.36,38.45,6.27,8.67,64.93,187.71,59.39,23.09
125,RD,86.9,1105.19,115.73,17.82,20.14,8.68,6.71,51.78,65.98,463.03,42.13,176.94,38.69,6.27,8.67,62.06,183.39,59.03,23.94
126,RD,88,1118.46,119.2,17.82,20.14,9.41,6.71,42.85,50.36,442.4,33.48,171.71,36.44,6.27,8.67,62.92,193.1,58.85,23.66
127,RD,88.4,1148.04,119.2,16.63,20.14,9.41,6.71,45.08,61.64,468.55,42.88,180.08,38.33,6.27,8.67,64.64,189.87,61.53,23.94
128,RD,91.8,1133.67,118.25,17.82,20.14,9.41,7.38,44.64,54.7,452.35,33.48,180.08,37.27,6.27,8.67,64.64,189.87,57.78,23.09
129,RD,89.8,1094.14,114.47,17.82,21.01,9.17,6.71,47.76,58.17,441.3,39.12,159.14,38.33,6.27,8.67,62.92,177.28,58.32,23.09
130,RD,91.8,1146.94,119.83,18.71,20.14,9.41,7.38,52.67,64.68,451.98,40.25,164.38,37.98,6.27,8.67,64.64,190.94,62.06,24.8
131,RD,95,1120.12,117.62,16.93,20.14,9.41,7.38,46.87,58.6,432.45,39.5,173.8,36.2,6.27,8.67,40.22,179.44,38.52,22.8
132,RD,87.4,1124.27,119.51,19.61,20.14,9.17,6.71,42.4,49.92,440.93,34.23,166.47,37.27,6.27,8.67,61.2,175.84,56.18,23.09
133,RD,88.3,1164.07,122.35,18.71,20.14,9.41,6.93,43.74,55.85,442.03,39.5,168.57,37.27,6.27,8.67,62.06,185.91,59.92,23.09
134,RD,92.6,1108.51,117.31,16.93,19.26,8.68,6.71,43.59,53.39,442.03,35.74,173.8,37.27,6.27,8.67,62.06,185.55,57.78,22.8
135,RD,88.9,1113.21,116.36,17.82,19.26,8.68,6.71,40.62,50.36,422.14,34.61,167.52,35.14,6.27,8.67,61.2,183.39,58.32,23.09
136,RD,73.7,1095.24,116.36,16.04,18.39,8.68,6.71,34.82,41.67,519.39,27.08,157.05,33.72,5.75,7.89,55.16,166.13,56.18,22.23
137,RD,74.2,1051.56,112.89,16.04,18.1,7.96,6.04,38.24,47.46,533.39,29.22,160.89,34.55,6.27,8.67,57.46,165.41,55.82,22.23
138,RD,76.1,1054.6,111.95,15.15,17.51,7.96,6.04,32.58,38.34,498.39,25.2,155.3,32.3,5.75,8.41,54.59,157.14,51.9,21.38
139,RD,73.6,1068.15,112.58,16.04,17.51,7.96,6.04,34.82,44.71,496.91,27.96,153.91,32.3,5.75,8.41,56.02,166.13,53.5,21.38
140,RD,72.2,1077.27,111.31,16.04,17.51,7.96,6.26,36.31,40.95,519.76,26.33,150.77,34.43,5.49,8.15,57.75,167.21,52.43,20.52
141,RD,74.6,1019.22,106.59,15.15,16.93,7.96,6.04,35.71,49.05,497.28,32.73,154.6,32.3,5.49,7.89,54.59,165.77,53.15,21.38
142,RD,73,1045.76,110.05,16.34,17.51,7.96,6.04,36.6,46.88,492.13,29.72,157.05,33.36,6.01,8.67,59.47,174.76,55.11,22.23
143,RD,75.5,1061.24,110.37,15.15,17.22,7.96,6.04,34.82,41.67,502.81,28.84,156,34.43,5.49,8.67,58.9,170.45,52.43,21.38
144,RD,74.9,1063.45,108.16,16.04,17.51,7.96,6.04,36.16,44.71,521.23,26.71,157.05,36.2,6.27,8.67,60.33,175.84,55.46,21.38
145,RD,71.6,1095.52,113.52,16.04,18.39,7.96,6.04,36.16,43.84,503.91,27.08,157.75,33.72,5.75,8.41,56.89,165.41,56.18,22.23
146,RD,76.6,1107.41,112.58,15.15,17.51,7.96,6.04,34.37,42.54,511.65,27.08,152.16,32.65,5.49,7.89,57.75,166.13,52.97,21.38
147,RD,50.5,1017.01,107.85,15.15,16.64,7.24,5.37,29.31,37.77,476.29,21.44,139.25,29.46,5.49,7.89,48.27,140.24,46.55,17.96
148,RD,51.1,1036.09,106.9,14.26,16.64,7.24,5.37,27.23,35.16,444.98,18.81,135.06,28.39,5.49,7.89,47.4,138.08,45.48,17.96
149,RD,51,1026.96,106.27,16.93,18.68,7.24,5.37,28.42,39.21,447.93,22.19,136.11,29.1,5.49,7.89,49.99,143.48,46.01,18.81
150,RD,50,1028.34,106.58,16.04,18.1,7.24,5.37,30.8,37.77,459.71,22.19,139.25,29.81,5.49,7.89,49.13,139.16,50.29,18.81
151,RD,51.2,1015.08,107.22,15.15,17.51,7.24,5.37,29.91,36.03,437.24,21.44,134.02,28.39,5.49,7.89,49.13,137.01,47.62,18.81
152,RD,52.6,1029.45,107.85,15.15,19.26,7.24,5.37,33.03,42.98,458.98,27.08,137.16,29.1,5.49,7.89,48.27,138.8,49.22,19.67
153,RD,50.4,1034.98,108.16,16.04,17.51,7.24,6.04,32.58,39.07,460.08,19.18,132.97,28.27,5.49,7.89,49.7,134.85,48.51,18.81
154,RD,51.1,1044.65,107.85,16.04,18.39,7.48,5.37,31.1,40.8,453.82,23.32,137.16,26.62,5.49,7.89,51.71,146.71,47.62,18.81
155,RD,50.1,1043.55,108.79,15.15,18.39,7.24,5.37,30.35,37.77,447.19,19.18,127.04,28.39,5.49,7.89,49.99,137.37,47.08,18.24
156,RD,53,1040.51,109.74,16.04,19.26,7.96,6.04,32.14,42.11,449.77,24.07,123.55,29.46,5.49,7.89,49.13,132.69,50.83,19.67
157,RD,50,1050.74,109.74,15.15,18.39,7.96,6.04,33.48,42.11,463.76,24.45,132.97,30.17,5.49,7.89,52.58,151.03,48.69,19.67
158,RD,51.7,1053.5,109.42,16.04,17.8,7.96,6.04,28.57,36.03,443.87,22.95,132.27,26.85,5.49,7.89,49.13,137.73,46.55,18.81
159,RD,39.4,940.16,96.49,13.96,15.76,6.51,5.37,26.34,34.29,437.61,20.44,130.87,28.75,5.49,7.1,45.11,124.42,46.01,18.24
160,RD,41.4,989.37,102.8,14.26,15.76,6.51,5.37,26.93,30.53,457.5,15.42,135.06,27.33,5.49,7.1,42.23,119.74,42.8,17.1
161,RD,39.8,981.08,101.54,13.37,15.76,6.51,4.7,25.89,32.99,466.34,18.06,126.69,27.33,5.49,7.1,43.96,125.14,42.27,17.1
162,RD,37.7,976.93,101.22,15.15,16.64,7.24,5.37,26.78,32.12,449.4,19.18,129.83,28.16,5.49,7.1,45.68,125.14,44.41,17.96
163,RD,40.7,964.21,98.7,13.37,14.88,6.51,5.37,25.44,30.39,435.4,17.68,130.87,27.33,5.49,7.1,43.96,124.06,41.38,17.1
164,RD,38.5,931.59,96.18,14.26,14.88,6.51,4.7,22.76,26.91,433.93,13.92,122.5,26.97,5.49,7.1,42.81,121.54,41.73,16.25
165,RD,42.4,970.29,101.22,14.26,15.76,6.51,5.37,23.21,30.1,446.45,16.18,122.5,28.04,5.49,7.1,43.96,117.59,43.87,17.1
166,RD,40.8,889.85,94.6,13.37,14.88,6.51,4.7,24.7,30.82,420.66,17.68,126.34,26.74,5.49,7.1,45.97,130.17,41.55,17.1
167,RD,39.6,890.68,92.08,13.37,14.88,6.51,4.7,25.44,32.99,421.4,17.05,126.69,26.97,5.49,7.1,43.96,122.98,41.73,17.1
168,RD,39.7,836.77,94.29,13.37,14.01,6.51,4.7,27.08,32.85,431.35,18.56,125.64,26.14,5.49,7.1,43.1,121.9,42.27,17.96
169,RD,41.2,944.58,99.02,12.78,14.88,6.51,4.7,25,29.95,446.45,15.8,136.81,27.45,5.49,7.1,47.4,135.93,40.13,16.25
170,RD,39,903.12,96.81,14.26,14.88,6.51,5.15,25,29.95,433.92,15.8,124.59,27.68,5.49,7.1,43.96,119.74,41.38,17.1
171,RD,29.1,968.91,104.06,14.26,15.76,6.75,5.37,29.31,32.12,443.51,15.8,117.26,25.91,5.49,7.1,42.23,114.35,37.99,16.25
172,RD,31.7,950.94,98.39,14.26,15.76,6.51,5.37,35.26,38.63,418.45,18.06,123.55,25.43,5.23,7.1,41.37,112.19,38.52,16.25
173,RD,31,928.55,97.44,14.26,15.76,7.24,5.37,27.23,32.56,426.19,15.05,113.08,24.14,5.23,7.1,40.22,103.56,37.99,15.39
174,RD,29.8,939.33,95.55,14.26,15.76,6.51,5.37,28.57,32.99,425.08,17.3,120.05,24.49,5.49,7.1,42.23,115.43,38.52,16.25
175,RD,31.1,950.66,99.96,14.26,16.64,7.24,5.37,29.91,34.44,450.14,16.93,125.99,24.26,5.49,7.1,42.52,115.43,39.24,16.25
176,RD,30.6,940.16,98.39,14.56,15.76,7.24,5.37,25.44,32.56,435.03,15.42,119.01,25.32,5.49,7.1,44.82,120.1,37.63,16.25
177,RD,29.5,984.39,104.69,15.15,16.64,7.24,5.37,26.19,32.99,447.56,15.8,126.69,26.85,5.49,7.1,44.82,125.5,35.85,14.54
178,RD,28.9,929.1,100.28,14.56,14.88,7.24,4.92,25.44,31.25,434.29,15.05,119.71,26.62,4.97,7.1,38.79,107.88,36.38,15.39
179,RD,30.5,883.77,95.55,13.37,14.88,6.75,5.37,26.78,31.98,437.24,17.68,121.8,26.97,4.97,7.1,41.37,111.11,38.52,16.25
180,RD,32.4,924.13,99.02,14.26,14.88,7.24,5.15,28.12,33.43,430.98,17.3,125.64,26.97,5.49,7.1,45.68,119.74,35.31,15.39
181,RD,29,990.75,101.85,13.67,15.76,7.24,5.37,25.15,32.12,429.14,17.3,121.45,26.85,4.97,7.1,43.1,112.91,37.27,15.96
182,RD,30.1,975.82,99.96,14.26,15.76,7.24,5.37,25.44,33.57,434.66,15.8,125.99,26.5,5.49,7.1,43.1,119.38,41.02,16.25
183,RD,15.3,1050.46,109.74,14.26,16.64,7.24,5.37,25.89,29.95,400.77,13.92,105.75,23.78,4.71,6.84,40.51,99.61,32.1,12.83
184,RD,15.5,991.3,95.55,13.37,14.88,6.51,5.37,22.76,27.35,386.41,12.79,105.75,23.43,4.71,6.57,40.51,101.41,33.71,13.68
185,RD,14.8,1022.81,107.85,15.74,15.76,7,5.37,22.76,26.91,379.04,11.66,105.05,24.14,4.71,6.57,41.37,101.77,33.17,12.83
186,RD,15,967.8,102.17,15.15,15.76,7.24,5.37,23.66,28.65,388.99,11.66,105.75,24.14,4.71,6.31,39.65,100.33,33.17,12.83
187,RD,14.5,975.55,104.38,14.26,15.76,7,5.37,25.59,30.39,394.51,13.54,104.7,23.78,4.71,6.84,40.51,98.17,32.64,13.68
188,RD,15,980.52,103.75,15.15,15.76,6.75,5.37,23.81,29.08,390.09,13.17,106.79,24.14,4.71,7.1,41.08,103.56,33.17,13.68
189,RD,15,973.06,103.12,15.45,16.64,7.24,5.37,29.01,33.86,353.62,14.29,100.51,24.14,4.71,6.31,35.34,91.7,29.96,12.83
190,RD,15.2,993.52,105.32,14.56,16.05,7,5.37,26.78,29.08,362.46,12.79,101.56,23.78,4.71,6.31,36.2,92.78,32.1,13.68
191,RD,15.7,960.89,103.12,15.15,16.64,7.24,5.37,24.1,28.65,383.46,12.41,103.65,23.78,4.71,6.31,37.92,97.09,31.57,12.83
192,RD,15.2,902.01,96.18,14.26,14.88,6.51,4.7,22.32,25.18,365.78,11.66,105.75,23.07,4.71,6.31,37.92,96.73,32.64,13.68
193,RD,15.6,997.38,104.06,15.15,15.76,6.75,5.37,23.21,26.91,370.2,12.16,103.65,23.43,4.71,6.31,37.06,97.09,33.71,13.68
194,RD,14.3,1026.69,106.9,15.15,15.76,6.75,5.37,20.53,25.18,382.73,10.53,108.19,22.72,4.71,6.31,37.06,96.01,31.57,13.68
195,RD,5.2,1061.8,110.68,14.26,15.76,7.24,5.37,22.76,26.48,415.14,10.91,112.38,25.55,4.71,6.31,35.34,88.46,28.36,11.97
196,RD,5.5,1005.95,101.22,13.37,14.88,6.51,5.37,20.98,25.61,385.67,10.91,106.44,24.49,4.71,6.31,34.48,85.22,29.43,11.97
197,RD,5.4,1074.51,109.74,13.37,15.76,6.51,5.37,21.87,25.61,420.66,11.29,106.79,24.49,4.71,6.31,37.06,90.62,29.96,11.97
198,RD,5.4,1084.19,112.58,15.15,15.76,7,5.37,21.43,24.74,402.25,11.16,108.89,25.2,4.71,6.31,36.49,91.7,29.43,11.4
199,RD,5.6,1075.34,113.52,15.15,15.76,7.24,5.37,21.87,25.61,404.46,10.91,110.28,25.2,4.71,6.31,34.77,85.58,29.43,11.97
200,RD,5.4,1080.04,113.52,14.26,15.76,7.24,5.37,20.98,25.32,412.19,10.53,110.63,25.2,4.71,6.31,34.48,86.66,28.89,11.97
201,RD,5.3,1064.28,110.68,14.26,15.76,6.51,5.37,20.98,24.31,400.41,10.16,113.08,24.85,4.71,6.31,34.48,87.38,28.36,11.12
202,RD,5.8,1059.86,112.58,13.37,16.64,6.51,5.37,20.98,26.05,398.56,11.66,108.89,24.85,4.71,6.31,34.48,87.02,29.78,11.97
203,RD,5.2,1067.04,111.63,14.26,15.76,7,5.37,23.21,26.77,416.98,11.79,123.55,24.97,4.71,6.31,38.79,105.72,29.43,11.97
204,RD,5.4,1073.41,111.95,14.26,16.05,7.24,5.37,21.87,26.05,403.35,11.66,110.28,24.85,4.71,6.31,34.48,88.46,29.07,11.97
205,RD,5.3,1079.49,111.95,13.67,16.35,7.24,5.37,21.87,26.05,405.56,11.66,110.63,24.85,4.71,6.31,35.34,88.82,29.43,11.97
206,RD,5,1080.87,111.63,14.26,15.76,6.51,5.37,24.1,26.48,401.14,11.29,107.84,25.2,4.71,6.31,35.34,89.54,29.43,11.97
207,AG,97.1,1118.46,118.25,24.95,27.14,11.58,8.05,49.55,61.64,416.24,39.37,164.38,33.72,6.27,8.67,63.78,188.79,56.18,22.23
208,AG,98,1086.12,115.41,23.47,27.14,12.3,8.05,62.94,72.49,440.93,39.5,161.24,35.85,6.27,8.67,65.5,192.02,59.92,23.09
209,AG,97.6,1115.98,118.88,26.14,28.02,12.3,8.05,65.17,75.97,456.03,41.38,170.66,35.85,6.27,8.67,66.08,195.26,57.6,23.09
210,AG,97.8,1078.93,117.31,24.06,26.27,11.58,8.05,56.69,64.25,438.71,39.12,164.38,35.14,6.27,8.67,63.78,189.87,59.39,23.09
211,AG,93.7,1099.39,120.46,26.73,28.02,11.58,8.05,60.26,71.19,494.7,41,179.04,36.91,6.27,9.46,68.09,200.65,59.39,23.09
212,AG,95,1069.26,116.36,24.06,26.85,12.3,8.05,57.13,64.25,447.56,34.61,162.28,35.14,6.27,8.67,62.92,184.47,59.39,23.09
213,AG,96.7,1098.29,118.88,24.65,26.27,11.58,8.05,62.04,68.59,446.08,40.25,160.19,35.49,6.27,8.67,63.78,190.94,56.71,22.23
214,AG,92.3,1140.03,121.09,26.73,27.14,11.58,8.05,54.61,62.22,433.56,37.24,168.22,35.61,6.27,8.67,63.78,192.38,57.25,23.09
215,AG,88.4,1109.62,121.09,22.28,22.18,10.13,7.38,45.08,59.91,435.4,41.38,168.57,36.91,6.27,8.67,60.33,183.03,56.71,22.23
216,AG,89,1111.83,120.46,21.69,21.89,10.13,8.05,49.1,62.51,422.14,44.39,171.71,36.56,6.27,8.67,61.2,182.31,57.25,23.09
217,AG,86.1,1132.01,120.14,22.28,22.76,10.13,7.38,49.55,60.34,428.03,39.5,166.47,36.56,6.27,8.67,60.33,181.24,54.57,22.23
218,AG,88,1115.42,117.62,19.31,21.3,10.13,7.6,48.65,48.62,437.98,33.48,175.89,35.85,6.27,8.67,61.2,178,55.64,22.23
219,AG,89.1,1113.76,122.04,20.5,22.76,10.13,7.83,43.74,51.66,438.71,34.23,174.85,36.32,6.27,8.67,62.06,184.47,57.78,22.23
220,AG,88.4,1154.67,122.35,19.61,23.05,10.13,7.38,51.33,66.13,466.34,45.89,171.71,37.98,6.27,8.67,62.06,181.24,59.92,23.09
221,AG,86.5,1128.69,119.51,20.2,21.89,10.13,7.83,41.96,54.7,429.87,39.12,176.94,36.56,6.27,8.67,62.06,185.55,58.32,23.09
222,AG,89.6,1141.13,119.51,18.71,21.89,9.41,7.38,48.95,62.08,435.76,40.12,165.43,37.15,6.27,8.67,62.06,181.96,57.78,22.23
223,AG,72.2,1067.32,111.95,16.93,19.26,8.68,6.71,35.56,43.27,385.67,26.33,145.53,32.65,5.49,7.89,53.44,152.11,51.36,20.52
224,AG,67.9,1146.94,119.2,16.93,18.39,8.68,6.71,37.94,44.57,390.09,27.46,150.77,33.01,5.49,7.89,55.16,159.66,51.72,20.52
225,AG,70.4,1120.12,119.2,16.93,19.26,8.68,6.71,33.03,37.77,390.09,23.2,156,31.94,5.49,8.41,55.16,158.58,49.76,19.67
226,AG,71.3,1161.03,120.46,17.23,19.26,9.41,7.16,31.25,39.94,401.14,25.96,159.14,32.65,6.01,8.67,56.89,157.5,51.36,20.52
227,AG,70.8,1121.78,117.31,17.82,19.26,8.68,6.71,33.63,42.11,382.36,28.59,149.72,32.42,5.49,7.89,53.73,152.11,51.36,20.52
228,AG,67.8,1132.01,117.31,16.93,20.14,8.68,6.71,39.88,46.01,386.04,28.59,144.48,33.01,5.49,7.89,52.58,149.95,50.83,19.67
229,AG,61.6,1049.91,108.48,15.74,17.8,7.96,6.26,39.73,46.88,500.6,26.33,141.34,32.65,5.49,7.89,56.02,158.58,50.29,19.67
230,AG,67.9,1049.08,107.85,16.93,19.26,8.68,6.71,37.49,43.41,514.6,24.07,158.1,32.65,6.27,8.67,56.89,162.9,52.43,20.52
231,AG,66.5,1086.12,111.63,16.93,18.1,7.96,6.49,30.8,35.6,485.13,20.69,142.39,31.23,5.49,7.89,51.71,151.75,49.58,19.67
232,AG,62.9,1000.98,106.58,16.04,17.8,7.96,6.04,34.82,41.24,503.18,26.71,144.48,32.65,5.49,7.89,52.58,154.27,49.22,19.67
233,AG,70.6,1105.75,111.31,16.93,18.39,8.44,6.26,34.37,42.83,513.86,25.58,159.14,31.47,5.75,8.67,57.75,163.61,51.54,20.24
234,AG,69.3,1073.41,116.68,16.93,18.39,7.96,6.04,33.92,45.15,497.65,26.33,152.51,31.59,5.49,7.89,57.18,159.66,48.69,19.67
235,AG,70.6,1106.58,116.36,17.52,18.68,8.68,6.49,33.48,41.67,511.65,25.58,144.13,31.71,5.49,7.89,52.86,151.75,52.25,20.52
236,AG,69.6,1137.81,115.73,16.93,19.26,8.44,6.71,43.74,55.13,551.8,34.98,151.46,33.72,5.49,7.89,60.04,171.53,55.11,21.38
237,AG,68.2,1091.37,118.25,18.71,18.39,7.96,6.71,37.49,49.49,512.39,31.6,149.37,32.3,6.01,8.15,54.87,153.91,51.72,21.38
238,AG,68.4,1031.38,108.16,16.93,20.14,7.96,6.04,33.48,44.28,477.02,32.73,138.2,30.88,5.49,7.89,51.42,150.31,50.83,21.38
239,AG,69.3,1007.61,105.64,16.93,20.14,7.96,6.04,33.92,50.36,487.34,33.86,143.44,32.3,5.49,7.89,52.58,152.11,50.83,20.52
240,AG,65.6,1022.26,108.79,17.82,20.43,7.96,6.04,33.92,46.74,479.6,31.6,147.28,30.88,5.49,7.89,47.4,143.84,49.58,21.38
241,AG,65.7,1021.43,106.9,16.04,18.39,7.96,6.04,38.83,46.3,485.13,27.46,142.39,30.88,5.49,7.89,49.99,146.71,48.69,19.67
242,AG,66.7,1022.54,108.79,16.93,19.55,7.96,6.04,30.8,40.8,470.76,25.2,136.81,29.81,5.49,7.89,49.13,140.96,47.62,19.67
243,AG,65.5,1028.9,109.42,16.93,19.26,7.96,6.04,31.69,41.24,480.71,25.96,145.18,30.88,5.49,7.89,49.99,148.87,48.69,19.67
244,AG,53.5,1051.84,111.63,16.34,17.51,7.96,6.04,34.37,47.75,465.98,25.33,135.76,28.75,5.49,7.89,50.85,148.51,46.55,18.81
245,AG,56.7,1071.19,110.68,16.04,16.64,7.96,6.04,35.26,46.01,456.03,22.57,130.87,29.1,5.49,7.89,49.99,147.07,46.37,17.96
246,AG,53.5,1100.22,112.58,15.74,18.39,7.96,6.04,37.49,45.87,570.96,24.07,143.79,28.39,5.49,7.89,49.99,136.65,47.08,19.67
247,AG,52.8,1079.76,112.89,16.04,17.51,7.96,6.04,37.05,46.01,477.39,22.19,132.97,29.1,5.49,7.89,52,149.59,46.19,17.96
248,AG,56,1077,111,15.15,17.51,7.48,6.04,35.71,47.32,474.08,25.2,136.11,28.75,5.49,7.89,50.28,142.4,47.08,18.81
249,AG,55.2,1084.19,111.31,15.74,17.51,7.96,6.04,36.6,47.75,466.34,25.96,130.87,28.75,5.49,7.89,49.13,143.48,47.97,18.81
250,AG,53.4,1051.57,110.68,16.04,17.51,7.96,6.04,31.25,42.54,468.55,22.19,135.06,29.81,5.49,7.89,52.58,150.67,46.55,18.81
251,AG,53,1109.06,113.52,16.04,17.51,7.96,6.04,32.58,42.54,458.98,24.45,131.92,29.69,5.49,7.89,51.71,142.76,46.73,18.81
252,AG,54.5,1085.29,114.15,15.15,17.51,7.96,6.04,35.26,44.28,467.45,22.95,128.78,30.52,5.49,7.89,49.7,139.16,48.15,18.81
253,AG,53.8,1035.53,104.06,14.26,17.51,7.24,5.37,32.58,41.67,478.5,22.44,136.11,30.17,5.49,7.89,49.13,138.08,46.55,18.81
254,AG,55.3,1072.58,110.05,15.15,17.8,7.96,6.04,33.48,45.15,483.29,24.83,141.34,30.17,5.49,7.89,51.71,155.34,49.76,18.81
255,AG,56.5,1109.34,113.52,15.15,18.39,7.96,6.04,36.6,46.88,491.76,27.08,138.2,33.72,5.49,7.89,51.71,143.48,48.15,19.67
256,AG,35.6,950.67,94.92,14.26,14.88,6.51,4.7,27.23,29.95,432.08,15.05,120.4,27.68,5.49,7.1,43.96,117.59,39.59,16.25
257,AG,34.3,916.67,97.44,14.26,14.01,6.51,5.15,25.89,32.41,423.98,16.93,122.5,27.33,5.49,7.1,45.68,123.7,41.55,17.1
258,AG,36.4,903.12,90.82,13.37,14.88,6.51,4.7,26.78,32.12,425.08,17.68,124.59,27.68,5.49,7.1,45.68,125.14,40.66,17.1
259,AG,36.1,902.84,94.6,13.67,14.88,6.51,4.7,21.87,28.65,402.25,17.68,120.4,26.97,5.49,7.1,43.96,120.82,39.59,16.53
260,AG,37.1,958.41,95.55,15.15,15.76,7.24,5.15,26.34,30.53,409.25,16.93,121.45,27.21,5.49,7.1,46.54,124.06,41.73,16.25
261,AG,36.3,904.5,91.13,13.37,14.01,5.79,4.7,28.12,31.25,401.51,16.55,118.31,26.97,5.49,7.1,44.82,124.06,38.7,16.25
262,AG,35.3,920.26,99.02,14.26,15.17,6.51,4.7,27.67,33.86,446.08,17.68,122.85,28.75,5.49,7.1,43.96,125.5,43.16,17.1
263,AG,35.5,951.77,99.96,14.26,15.76,6.51,4.7,28.12,35.6,451.98,17.3,123.9,29.1,5.49,7.1,46.25,124.78,42.09,16.25
264,AG,36.6,933.53,99.96,13.37,14.88,6.51,4.7,29.91,32.99,449.4,15.8,126.69,28.75,5.49,7.1,46.25,128.37,43.34,17.1
265,AG,36.2,900.63,100.59,15.74,14.88,6.51,4.7,29.01,33.86,425.08,18.81,124.59,28.39,5.49,7.1,45.97,124.06,43.87,17.96
266,AG,35,966.42,102.17,14.26,14.88,6.51,5.37,26.78,29.08,434.66,15.93,118.31,27.33,5.49,7.1,44.82,120.82,41.73,16.25
267,AG,33.9,964.77,99.96,15.15,14.88,6.51,4.7,25.44,31.54,420.3,15.42,119.01,26.74,5.49,7.1,43.39,120.1,40.13,16.25
268,AG,26.5,1003.74,102.17,15.15,15.76,7.24,5.37,26.78,32.56,422.14,15.05,118.31,26.03,5.49,7.1,42.23,113.27,37.45,15.39
269,AG,29.1,953.43,99.96,14.26,14.88,6.51,5.15,25,28.65,407.77,13.92,116.57,25.55,5.49,7.1,42.23,112.19,36.92,15.39
270,AG,27.6,968.63,105.64,15.15,15.76,7.24,5.37,24.55,29.95,425.82,14.29,120.4,25.91,4.97,7.1,42.23,115.07,36.38,15.39
271,AG,27.3,1000.7,106.9,15.15,16.64,7.24,5.37,26.78,33.86,444.24,16.68,121.45,26.97,5.49,7.1,43.96,117.59,40.13,16.25
272,AG,27.5,1003.19,105.32,13.96,16.05,6.51,5.37,26.78,32.56,400.04,16.93,107.84,26.97,5.23,7.1,42.23,112.19,34.24,15.39
273,AG,26.7,958.41,100.59,14.85,15.76,6.51,5.37,25.44,27.78,397.83,13.92,108.89,26.26,5.49,7.1,41.37,110.04,38.34,15.39
274,AG,28.1,1000.15,107.22,14.26,15.76,6.51,5.37,24.55,27.78,400.04,14.29,108.89,25.91,5.23,7.1,39.65,107.88,35.31,14.54
275,AG,26.8,1037.75,106.9,14.26,16.64,7.24,5.37,23.21,28.65,398.93,16.18,110.98,25.91,4.71,7.1,41.37,111.11,36.38,15.39
276,AG,27.1,1057.65,112.89,14.26,15.76,7.24,6.04,24.1,28.22,415.51,13.54,115.17,26.5,5.49,7.1,42.23,115.43,34.24,14.54
277,AG,28.3,1029.73,109.11,16.04,16.64,7.24,5.37,26.34,31.69,408.88,15.8,114.12,26.62,5.23,7.1,41.37,114.35,36.92,15.39
278,AG,26.5,1021.71,109.11,14.26,16.93,7.24,5.37,27.23,31.25,414.77,15.42,115.17,26.97,5.49,7.1,42.81,112.91,38.17,15.39
279,AG,27.4,1012.04,105.32,15.74,15.76,7.24,5.37,23.66,29.08,405.56,15.05,113.08,25.55,5.23,7.1,40.51,108.96,37.99,15.39
280,AG,14,1034.15,106.27,15.15,15.76,6.51,5.37,30.8,34.29,389.36,15.42,106.79,24.85,4.71,6.31,37.92,97.09,32.1,12.83
281,AG,13.2,998.21,104.69,16.04,16.64,6.75,5.37,27.23,33.86,396.35,15.42,109.93,24.73,4.71,6.31,37.06,94.93,29.96,12.83
282,AG,13.8,1019.77,106.9,14.85,16.05,6.51,5.37,29.91,34.29,398.93,14.67,107.84,24.85,4.71,6.31,37.06,93.85,31.03,12.83
283,AG,14.3,994.62,104.06,15.15,15.76,6.51,5.37,31.25,34.29,389.72,15.42,108.19,24.49,4.71,6.31,37.06,93.85,31.57,12.83
284,AG,13.9,1015.35,105.95,15.15,15.76,6.51,5.37,27.23,31.25,410.35,13.17,109.93,24.49,4.71,6.57,38.79,98.17,30.5,12.83
285,AG,14.5,969.18,101.22,15.15,15.76,6.51,4.92,27.23,30.39,390.46,13.54,107.84,24.85,4.71,6.31,37.92,94.93,32.1,12.83
286,AG,14.4,1005.95,106.9,16.04,15.76,7.24,5.37,25.44,30.39,393.04,13.92,109.93,24.85,4.71,6.31,37.92,96.01,32.64,13.68
287,AG,14.1,943.2,101.22,15.15,15.47,6.51,5.37,27.23,30.82,396.72,13.54,112.73,24.85,4.71,6.31,38.79,100.33,32.1,12.83
288,AG,14.4,1010.65,105.95,15.15,15.76,6.51,5.37,26.49,32.12,393.41,14.67,110.98,25.08,4.71,6.31,37.92,97.09,32.1,12.83
289,AG,15,1010.1,104.06,15.15,15.76,6.51,5.37,27.23,31.25,393.41,13.54,110.98,24.85,4.71,6.31,37.35,94.93,31.57,12.83
290,AG,14.5,1018.94,105.01,15.15,15.76,6.51,5.37,25,29.95,394.88,13.17,113.43,24.85,4.71,6.31,37.92,96.01,32.1,12.83
291,AG,14.2,1019.78,106.58,15.15,15.76,6.51,5.37,27.23,29.95,409.98,12.79,116.91,24.85,4.71,6.57,37.92,99.25,31.57,12.83
292,AG,6.6,1085.29,112.58,16.04,16.64,7.24,5.37,23.66,27.35,414.4,11.66,113.08,24.49,4.71,6.31,34.77,89.18,29.43,11.97
293,AG,7,1088.33,111.95,15.15,16.64,7.24,5.37,24.55,27.78,398.56,11.66,110.63,24.49,4.71,6.31,34.48,87.38,30.5,11.97
294,AG,6.6,1083.08,111.94,15.45,16.64,7.24,5.37,24.85,27.64,395.99,11.41,108.54,23.78,4.71,6.31,34.77,85.22,29.43,11.97
295,AG,6.6,1048.25,109.74,15.15,15.76,7,5.37,22.32,22.57,393.41,10.16,109.93,24.85,4.71,6.31,36.2,90.62,30.5,11.97
296,AG,6.5,1094.97,113.21,15.15,15.76,7.24,5.37,20.09,22.14,381.25,9.03,106.79,23.78,4.71,6.31,37.06,90.62,30.5,11.97
297,AG,6.5,1065.94,111.31,14.56,16.05,7.24,5.37,20.09,22.57,414.4,9.4,114.12,25.2,4.71,6.31,37.92,93.85,29.96,11.97
298,AG,6.6,1057.37,109.74,14.26,15.76,7.24,5.37,22.32,24.31,400.04,10.53,113.08,25.2,4.71,6.31,36.2,90.62,29.43,11.97
299,AG,6.6,1058.2,108.48,14.56,15.76,6.75,5.37,20.53,23.01,397.09,10.16,105.75,24.85,4.71,6.31,36.2,88.46,29.96,11.97
300,AG,6.3,1063.73,111.94,15.15,16.05,7.24,5.59,19.64,23.01,411.09,9.78,113.08,24.85,4.71,6.31,36.2,90.98,29.96,11.97
301,AG,6.5,1049.36,109.74,14.26,15.76,6.51,5.37,21.43,23.88,405.56,9.4,112.73,24.49,4.71,6.31,36.2,94.93,29.96,11.97
302,AG,6.3,1051.84,112.58,15.15,16.05,7.24,5.37,22.32,24.31,404.46,10.16,111.68,24.49,4.71,6.31,35.34,89.54,29.96,11.97
303,AG,6.6,1065.11,108.16,14.26,15.76,7.24,5.37,21.87,24.31,398.93,9.78,109.93,23.78,4.71,6.31,35.34,88.46,30.5,11.97
304,RT,124.1,1128.42,121.09,29.11,27.73,12.78,8.72,74.84,99.55,580.53,65.2,203.12,43.9,7.06,9.99,74.99,219.35,67.95,26.22
305,RT,129.4,1150.25,124.87,27.63,29.77,13.02,8.72,92.39,106.79,562.85,63.7,198.58,44.48,6.53,9.46,74.12,221.15,69.91,26.51
306,RT,128.4,1153.57,122.98,29.41,27.14,12.3,8.72,85.26,98.54,562.48,57.93,204.16,43.66,6.53,9.46,75.56,227.98,67.41,25.65
307,RT,130.7,1135.33,122.04,29.41,29.77,13.02,9.4,92.1,98.97,579.06,59.44,212.54,44.37,7.06,9.46,74.99,224.03,67.41,26.51
308,RT,127.2,1150.25,125.5,28.82,30.94,13.26,9.4,92.99,114.02,594.53,69.59,212.19,44.84,7.06,9.99,75.56,228.34,69.55,26.51
309,RT,124.6,1132.28,123.61,26.43,28.89,12.78,8.72,102.22,118.51,588.27,66.58,196.14,45.79,6.27,9.46,71.54,211.44,70.09,26.51
310,RT,122.8,1127.59,123.93,29.11,29.77,13.02,8.72,82.58,104.18,575.38,65.08,196.83,43.07,6.27,9.46,73.55,219.71,67.41,26.51
311,RT,129.2,1149.7,125.82,29.11,28.89,12.3,8.05,89.27,109.83,576.11,66.21,206.26,44.37,7.06,9.46,72.4,212.52,69.55,26.51
312,RT,125.2,1121.23,122.04,25.84,29.77,12.3,8.05,80.79,95.5,564.69,61.32,208.35,43.66,6.53,9.46,73.26,224.39,65.81,26.51
313,RT,131.5,1127.31,124.24,29.41,31.52,13.02,8.72,101.32,121.98,614.42,71.85,208.35,46.38,6.27,9.46,72.4,218.99,71.16,27.36
314,RT,129.2,1105.75,119.83,23.17,24.52,11.34,8.05,68.74,79.44,555.49,57.3,207.3,44.01,6.53,9.46,73.55,220.07,63.67,25.65
315,RT,127.3,1145,122.98,24.06,27.14,12.3,8.72,73.65,100.28,567.27,70.72,196.83,45.79,6.8,9.46,74.12,218.99,68.48,26.51
316,RT,126,1130.91,122.04,24.06,27.14,12.3,8.72,77.22,95.07,581.64,59.81,223.01,45.31,7.06,9.46,73.55,223.31,69.2,26.51
317,RT,126.3,1109.89,121.09,22.28,24.81,11.33,8.27,77.22,93.91,568.38,62.32,215.33,44.61,6.53,9.72,74.12,224.75,66.34,25.94
318,RT,126.2,1142.79,121.09,22.28,27.14,12.3,8.72,71.86,86.24,545.91,58.31,201.02,44.01,6.53,9.46,70.68,206.05,66.34,26.51
319,RT,125.4,1122.89,120.46,21.39,25.39,11.58,8.05,81.68,94.63,556.96,65.83,192.65,45.43,6.27,9.46,69.81,205.69,70.27,26.51
320,RT,127.5,1132.56,120.46,24.06,23.64,10.85,8.27,76.77,93.47,563.22,60.69,212.54,45.08,6.53,9.46,72.4,215.04,67.06,26.51
321,RT,127.6,1146.94,122.35,23.17,24.52,10.85,8.05,58.92,76.4,535.96,52.66,195.09,42.95,6.27,9.46,70.68,213.96,66.16,26.79
322,RT,125.3,1124.82,121.72,20.5,25.39,10.85,7.38,69.04,92.03,547.75,63.2,200.67,45.08,6.27,9.46,72.4,218.27,69.02,26.51
323,RT,124.2,1122.06,119.51,21.39,23.64,10.85,8.05,66.51,82.04,539.65,53.04,203.12,44.72,6.27,9.46,70.97,216.83,67.41,26.51
324,RT,128.5,1135.33,121.72,22.28,23.64,10.85,7.38,69.63,84.65,543.33,56.18,201.37,43.66,6.27,9.46,72.4,224.39,65.81,26.51
325,RT,88.1,1149.7,122.04,17.82,19.26,9.41,6.71,56.24,65.11,440.19,39.5,154.95,38.57,6.27,8.67,62.06,178,60.46,23.09
326,RT,87.7,1137.26,119.83,17.82,20.14,8.68,6.71,50.89,59.62,465.24,36.86,173.8,37.62,6.27,8.67,61.77,184.47,60.99,23.94
327,RT,89.3,1160.75,121.41,16.93,20.14,8.92,6.71,44.64,57.01,447.19,36.86,168.92,36.79,6.27,8.67,60.04,174.4,59.74,23.94
328,RT,65.5,1117.63,116.04,16.04,16.64,7.96,6.04,28.12,34.29,446.82,25.2,139.25,30.52,5.49,7.89,52.58,156.42,52.43,21.38
329,RT,69.3,1066.77,115.1,15.15,16.64,7.96,6.04,32.14,37.77,484.76,26.71,150.77,33.01,5.49,7.89,53.44,162.54,51.9,21.38
330,RT,64.9,1067.32,113.52,15.15,17.51,7.96,6.04,33.18,39.07,499.49,24.95,145.53,32.89,5.49,7.89,52.58,152.11,54.04,21.38
331,RT,65.1,1086.4,115.1,15.15,17.51,7.96,6.04,29.91,39.94,476.29,27.08,146.58,31.23,5.49,7.89,51.71,157.5,51.9,20.52
332,RT,66.5,1115.42,119.2,15.15,16.64,7.96,6.04,28.12,35.6,452.35,22.57,142.39,30.88,5.49,7.89,51.71,153.19,50.83,20.52
333,RT,66.5,1072.57,116.36,15.15,17.51,7.96,6.04,25.59,32.7,471.5,21.94,144.48,31.23,5.49,7.89,50.85,154.27,50.29,20.52
334,RT,65.8,1080.31,115.73,15.74,17.51,7.96,6.04,26.78,34.73,480.71,21.82,145.53,31.23,5.49,7.89,51.71,154.27,51.36,20.81
335,RT,66.4,1101.6,115.41,15.15,17.51,7.96,6.04,30.35,39.5,491.76,25.45,151.46,31.59,5.49,7.89,51.71,152.47,52.43,21.38
336,RT,65.8,1116.53,117.62,16.04,17.51,7.96,6.04,29.91,38.2,460.08,23.32,143.79,31.94,5.49,7.89,52.58,154.27,51.9,21.38
337,RT,64.2,1088.33,115.73,14.26,17.51,7.96,6.04,31.69,36.46,477.39,25.96,147.63,31.23,5.49,7.89,51.71,155.34,51.36,21.38
338,RT,66.1,1070.64,113.84,16.04,16.64,7.96,6.04,28.12,36.03,482.18,22.94,143.09,31.23,5.49,7.89,50.85,154.27,51.36,21.38
339,RT,54.3,1038.85,102.17,15.45,18.39,7.24,5.37,29.01,38.2,478.13,22.95,139.25,28.98,5.49,7.89,53.73,154.27,44.94,17.96
340,RT,54.6,1007.33,104.06,14.26,17.51,7.24,5.37,31.25,38.63,495.07,22.19,134.37,31.23,5.49,7.89,50.85,140.24,49.76,18.81
341,RT,53,1036.91,105.01,16.93,18.39,7.96,5.37,30.8,42.11,459.35,25.2,134.02,30.52,5.49,7.89,51.42,145.64,46.01,18.81
342,RT,56.9,1031.11,106.58,16.93,18.39,7.96,6.04,29.91,38.78,476.29,23.95,140.3,30.17,5.49,7.89,49.99,142.4,50.29,19.67
343,RT,55.2,1013.97,105.95,16.04,18.39,7.96,5.37,30.95,38.2,480.34,24.45,138.9,30.76,5.49,7.89,53.44,150.31,49.22,19.67
344,RT,52.5,1005.12,102.17,14.26,17.51,7.24,5.37,32.43,41.67,472.24,23.7,135.06,30.88,5.49,7.89,51.71,151.03,47.62,18.53
345,RT,53.6,1019.78,107.22,16.04,17.51,7.24,5.37,31.84,41.24,464.13,22.95,119.71,31.23,5.49,7.89,49.99,134.49,51,18.81
346,RT,51.8,1039.13,109.74,15.15,16.64,7.24,5.37,31.69,42.54,452.71,25.58,132.62,30.52,5.49,7.89,48.27,137.01,48.69,19.67
347,RT,52.3,1048.25,106.27,15.15,17.51,7.24,5.37,29.91,42.83,467.45,26.33,134.71,30.17,5.49,7.89,49.7,139.88,48.87,18.81
348,RT,54.4,1014.8,104.38,15.15,17.51,7.24,5.37,33.92,42.54,463.03,23.45,128.78,30.52,5.49,7.89,49.13,134.85,50.83,18.81
349,RT,53.2,1051.01,107.85,15.74,17.51,7.96,6.04,27.23,41.24,472.6,27.84,137.16,29.46,5.49,7.89,48.27,136.65,49.22,19.67
350,RT,52.5,1010.38,103.12,15.45,16.64,7.96,5.37,36.16,47.46,501.33,26.33,134.37,31.94,5.49,7.89,49.99,140.24,52.43,19.67
351,RT,31.7,1061.24,108.16,14.26,18.1,7.96,6.04,28.57,40.08,443.14,18.43,121.45,28.39,5.49,7.1,46.54,129.45,42.8,16.25
352,RT,37.6,1087.5,111.95,16.04,16.64,7.24,6.04,24.55,34.29,429.14,19.56,119.36,28.27,5.49,7.1,46.54,127.3,43.16,17.96
353,RT,35.3,1046.31,111.31,14.56,15.76,7.24,5.37,25.44,36.17,432.45,17.43,127.73,28.75,5.49,7.1,46.54,128.73,43.52,17.1
354,RT,37.4,1072.3,109.74,14.26,17.22,7.24,5.37,23.21,32.12,437.98,14.67,123.55,27.8,5.49,7.1,43.1,120.46,41.2,16.25
355,RT,36.3,1017.56,105.96,13.37,15.76,7.24,5.37,26.78,34.29,412.93,17.43,120.05,27.68,5.49,7.1,43.39,120.46,42.27,17.1
356,RT,37.8,1074.51,106.9,12.48,15.76,7.24,5.37,22.76,32.41,415.51,17.3,123.55,26.62,5.49,7.1,46.54,126.58,42.98,17.1
357,RT,35.5,1028.9,108.16,14.26,15.76,7.24,5.37,24.1,32.99,414.04,16.93,119.36,27.68,5.49,7.1,45.11,125.5,41.91,16.25
358,RT,36.4,1054.88,105.95,12.78,14.88,7.24,5.37,20.68,26.91,433.19,12.79,128.43,27.45,5.49,7.1,46.54,121.9,39.24,15.39
359,RT,37.2,994.07,105.01,13.37,15.76,6.51,5.37,23.06,29.81,442.03,17.3,129.83,26.62,5.49,7.1,43.1,121.54,42.27,17.1
360,RT,36.4,931.04,95.55,12.48,15.47,6.51,4.7,23.21,28.22,421.03,15.42,124.59,26.62,5.49,7.1,43.96,120.82,41.2,17.1
361,RT,35.4,953.15,101.54,14.26,15.76,6.51,5.37,25,29.08,446.82,13.92,128.78,27.33,5.49,7.1,39.65,114.35,40.31,16.25
362,RT,35.6,932.7,95.55,13.37,14.88,6.03,4.7,23.21,28.36,423.98,16.55,123.55,27.33,5.49,7.1,44.82,124.06,40.13,16.25
363,RT,39.4,965.87,103.12,14.56,15.76,7.24,5.37,25,30.24,427.66,17.05,121.45,26.38,5.49,7.1,45.68,129.45,39.59,17.1
364,RT,37.1,999.04,103.12,13.37,16.64,7.24,5.37,24.4,29.08,409.98,18.06,115.52,25.55,5.49,7.1,40.51,115.43,38.52,17.1
365,RT,35.6,960.06,103.43,14.85,16.64,7.24,5.37,24.25,31.69,440.19,17.68,124.59,26.26,5.49,7.1,43.1,119.74,40.84,17.1
366,RT,36.1,978.31,104.69,15.15,16.64,7.24,5.37,26.78,29.95,410.72,18.06,119.36,24.85,5.49,7.1,41.37,120.1,40.13,17.1
367,RT,34.8,959.51,100.28,14.26,15.76,7.24,5.37,25.89,29.52,404.46,16.93,116.22,25.55,5.49,7.1,43.67,121.9,39.59,16.53
368,RT,33.5,970.84,101.22,16.04,16.64,7.24,5.37,24.1,31.11,396.72,18.06,117.26,24.49,5.49,7.1,43.1,121.9,38.52,16.25
369,RT,34.4,958.96,100.28,13.96,15.76,7.24,5.37,26.49,31.25,408.88,16.05,115.52,24.85,5.49,7.1,41.37,116.51,36.38,15.39
370,RT,33.8,930.76,100.59,15.15,14.88,7.24,5.37,25,31.25,413.3,16.55,117.26,25.55,5.49,7.1,41.37,115.43,39.95,16.25
371,RT,35.6,995.17,104.69,16.04,16.64,7.24,5.37,26.78,33.43,453.08,16.8,122.15,26.26,5.49,7.1,45.68,126.22,40.13,16.25
372,RT,37.1,922.19,98.39,13.37,14.88,7.24,5.37,28.57,32.99,451.24,17.3,122.85,25.55,5.49,7.1,44.82,122.98,41.2,16.53
373,RT,37.2,939.33,100.28,16.04,15.76,7.24,5.37,25.89,32.56,442.03,18.43,125.64,25.2,5.49,7.1,43.1,123.7,40.66,16.25
374,RT,37.4,1005.12,103.43,15.15,15.76,7.24,5.37,27.52,33.72,439.82,16.93,125.29,26.97,5.49,7.1,45.68,127.3,38.52,16.25
375,RT,15.3,1049.91,102.49,14.26,15.76,6.51,5.37,28.57,31.25,408.88,13.67,104.7,26.26,4.71,7.1,43.1,104.64,31.57,12.83
376,RT,15.7,1023.65,114.15,14.26,15.76,6.75,5.37,25.59,26.48,400.04,11.29,107.84,25.55,4.71,6.84,40.51,102.48,29.96,11.97
377,RT,15.8,923.3,102.17,13.96,14.88,6.51,5.37,24.55,30.39,392.3,12.79,105.75,25.55,4.71,6.84,40.51,102.48,31.03,12.83
378,RT,14.6,1082.25,115.41,15.15,17.51,7.24,6.04,23.66,28.65,405.56,12.41,106.79,24.49,4.71,6.31,38.79,97.09,30.5,12.83
379,RT,15.9,1041.33,108.16,16.04,16.64,7.24,5.37,27.23,31.25,407.77,12.79,108.89,25.91,4.71,6.31,40.22,102.12,31.03,13.68
380,RT,15.8,968.64,104.06,14.26,15.17,6.75,5.37,23.36,27.06,401.14,11.79,106.79,25.32,4.71,6.57,38.79,100.33,32.1,13.4
381,RT,15.5,1018.94,106.9,14.26,15.76,7,5.37,22.32,28.22,399.67,12.79,108.54,25.55,4.71,6.31,38.79,101.41,32.1,12.83
382,RT,15.3,1028.62,106.58,15.15,16.05,6.51,5.37,21.87,25.9,404.46,10.91,108.89,24.61,4.71,6.57,38.21,98.17,30.5,12.83
383,RT,15,988.82,107.85,14.56,15.76,7.24,5.37,26.34,29.08,400.41,12.04,105.75,25.2,4.71,6.57,40.51,100.33,33.71,12.83
384,RT,15.5,1019.22,105.01,15.15,15.76,6.51,5.37,23.66,27.78,401.14,11.79,108.89,24.14,4.71,6.84,38.79,100.33,31.57,12.83
385,RT,15.3,1047.7,109.74,14.26,16.64,7.24,5.37,23.06,29.52,404.46,12.41,109.93,24.37,4.71,7.1,39.94,99.25,32.1,12.83
386,RT,16,1018.39,108.79,16.04,15.76,7.24,6.04,23.06,27.78,397.83,12.79,107.84,24.14,4.71,6.31,37.92,93.14,32.1,12.83
387,RT,6.2,1007.06,101.22,14.26,14.88,6.51,5.37,23.66,26.48,390.09,11.29,105.75,23.78,4.71,6.31,36.77,90.62,29.96,11.97
388,RT,6.4,1088.33,112.58,14.26,15.76,6.75,5.37,24.55,29.08,405.93,12.79,112.03,25.55,4.71,6.31,36.77,91.7,29.43,11.97
389,RT,6.4,1117.36,113.52,14.26,15.76,7.24,5.37,21.43,27.35,409.98,11.66,114.12,25.2,4.71,6.31,37.92,95.29,30.68,11.97
390,RT,5.9,1094.41,110.37,13.37,15.76,6.51,5.37,23.66,26.91,405.19,11.66,112.38,25.55,4.71,6.31,37.06,91.7,29.96,11.97
391,RT,6.2,1080.59,110.68,14.26,15.76,6.51,5.37,21.43,26.91,404.46,11.66,112.03,25.55,4.71,6.31,37.06,91.7,29.43,11.97
392,RT,5.9,1093.58,109.74,13.37,15.76,6.51,4.92,20.98,24.74,402.25,11.66,109.93,25.2,4.71,6.31,36.2,88.46,29.43,11.97
393,RT,6.2,1085.02,109.42,13.67,15.76,7.24,5.37,22.32,26.48,394.51,11.29,108.89,24.85,4.71,6.31,36.2,86.3,29.96,11.97
394,RT,5.6,1021.43,101.22,12.78,14.88,6.51,4.7,21.43,26.05,407.77,11.29,107.84,25.91,4.71,6.31,37.92,93.85,29.43,11.97
395,RT,6.4,1090.82,111.63,14.26,16.35,7.24,5.37,22.76,25.18,412.93,10.91,112.03,25.2,4.71,6.31,36.2,88.46,28.71,11.12
396,RT,6,1083.63,110.37,15.15,15.76,6.75,5.37,19.19,23.01,402.25,10.28,109.93,25.55,4.71,6.31,36.2,88.46,27.29,11.4
397,RT,5.8,1094.41,111.63,14.26,15.76,7.24,5.37,23.21,25.18,401.51,10.91,109.58,25.2,4.71,6.31,35.91,90.62,29.61,11.97
398,RT,5.9,1073.13,110.68,15.15,15.76,7.24,5.37,21.43,26.05,416.61,11.29,113.08,25.91,4.71,6.31,37.06,91.7,28.89,11.97
